{
  "loss": [
    2.0024304389953613,
    1.480790138244629,
    1.358810305595398,
    1.240257740020752,
    1.1406371593475342,
    0.9922826290130615,
    0.9787678718566895,
    0.8938056230545044,
    0.8982282280921936,
    0.7305684089660645,
    0.7422276139259338,
    0.7738679647445679,
    0.6555715203285217,
    0.664588987827301,
    0.6615511178970337,
    0.6265673637390137,
    0.6262037754058838,
    0.5711669325828552,
    0.5779332518577576
  ],
  "val_loss": [
    1.46072256565094,
    1.5114970207214355,
    1.4542146921157837,
    1.3727235794067383,
    1.5041066408157349,
    1.6430892944335938,
    1.7896744012832642,
    2.0217092037200928,
    2.1566100120544434,
    2.595332622528076,
    3.3919694423675537,
    4.621492385864258,
    5.57391881942749,
    6.952451705932617,
    9.42464828491211,
    11.052863121032715,
    13.330629348754883,
    17.02875328063965,
    21.4600830078125
  ],
  "final_loss": 0.5779332518577576,
  "final_val_loss": 21.4600830078125,
  "epochs_trained": 19,
  "surface_size": 504
}