{
  "loss": [
    2.047041416168213,
    1.635601282119751,
    1.503237247467041,
    1.2238187789916992,
    1.1484804153442383,
    1.1007157564163208,
    1.0519567728042603,
    1.0467848777770996,
    0.9047662019729614,
    0.8464310169219971,
    0.8845614194869995,
    0.8218083381652832,
    0.7840538620948792,
    0.7271178960800171,
    0.7296898365020752,
    0.6991633772850037,
    0.6751647591590881,
    0.6962202787399292
  ],
  "val_loss": [
    3.74187970161438,
    3.239562511444092,
    3.2072439193725586,
    3.519976854324341,
    4.102853298187256,
    4.934584140777588,
    6.129328727722168,
    7.218075275421143,
    8.626486778259277,
    10.698238372802734,
    13.440289497375488,
    15.977795600891113,
    19.837427139282227,
    24.013181686401367,
    28.510160446166992,
    33.548118591308594,
    39.74738311767578,
    47.30142593383789
  ],
  "final_loss": 0.6962202787399292,
  "final_val_loss": 47.30142593383789,
  "epochs_trained": 18,
  "surface_size": 504
}